protein	strand_corrected_position	count_cons	count	normalised_count	normalised_count_cons	score	normalised_coverage	coverage_normalised	coverage_normalised_cons
tfip11	-60	21876.034454424513	24166	0.03225001434609179	0.0291940091446987	469138	0.9935301878680963	0.032460024607096676	0.029384118873471587
tfip11	-59	19513.39874568885	23710	0.03164147315012151	0.02604102414505814	469307	0.9938880923690101	0.0318360521602604	0.026201163234572333
tfip11	-58	20218.54199965708	24552	0.03276513913039997	0.026982052037821745	469464	0.9942205835325809	0.03295560328672902	0.027138899037828595
tfip11	-57	19760.510853610187	24210	0.03230873323342226	0.02637080023649057	469623	0.9945573102523756	0.03248554195959175	0.026515113774387523
tfip11	-56	19453.307282181628	23856	0.031836313094445325	0.02596083087516715	469791	0.9949130969751775	0.031999089358896664	0.026093566316591425
tfip11	-55	19451.5634329753	23839	0.0318136262516131	0.025958503673233796	469974	0.9953006503696582	0.031963835490107846	0.026081067729226054
tfip11	-54	19960.484861546698	24372	0.0325249255004117	0.02663766958287797	470126	0.9956225526426694	0.032667927633902194	0.026754787255646142
tfip11	-53	20096.838987162446	24461	0.032643697795239235	0.0268196369133115	470242	0.9958682149036517	0.03277913413312167	0.02693090964441138
tfip11	-52	19479.26892250488	23785	0.03174156216261662	0.025995477207736588	470367	0.9961329371676412	0.03186478528947063	0.026096393601491522
tfip11	-51	19596.66966572303	23912	0.03191104622377501	0.026152150867135213	470507	0.9964294261033094	0.032025395264136336	0.0262458636628258
tfip11	-50	19082.319640748043	23402	0.031230440938808248	0.025465740386114107	470653	0.9967386217076492	0.03133262849321832	0.02554906555390145
tfip11	-49	19786.992302695708	24079	0.03213391109159746	0.026406140264336027	470837	0.9971282928802417	0.03222645603483728	0.0264821893560566
tfip11	-48	19529.627566043484	23858	0.03183898213477853	0.02606268183310155	471041	0.9975603196150726	0.03191684904534314	0.02612642195226683
tfip11	-47	19293.35491712028	23599	0.03149334141162874	0.025747371218297177	471212	0.9979224596722103	0.031558906312193255	0.025800973781825165
tfip11	-46	20142.324127076954	24466	0.03265037039607224	0.0268803377498081	471361	0.9982380086108859	0.032708001613269956	0.026927784273826506
tfip11	-45	19403.00758985599	23760	0.031708199158451585	0.02589370492138474	471481	0.9984921419843157	0.0317560828224822	0.025932807913666565
tfip11	-44	19272.361651480656	23577	0.03146398196796351	0.025719355281938278	471571	0.9986827420143882	0.03150548281679449	0.02575327899434927
tfip11	-43	20007.342113665534	24337	0.03247821729458065	0.026700201530782088	471648	0.9988458109290057	0.032515746613957695	0.026731054221420608
tfip11	-42	19665.709566307487	23977	0.03199779003460411	0.026244286006765333	471724	0.9990067620655113	0.032029603051381354	0.02627037874348675
tfip11	-41	18940.88712763506	23176	0.030928839381156308	0.0252769958451517	471786	0.9991380643084501	0.03095552104959948	0.02529880178536395
tfip11	-40	19361.93446910789	23568	0.0314519712864641	0.025838892013441143	471856	0.9992863087762843	0.03147443431400542	0.02585734617447444
tfip11	-39	19361.153824054825	23557	0.03143729156463148	0.02583785022687487	471893	0.9993646665664252	0.031457277424708635	0.02585427631301741
tfip11	-38	18772.493276269295	22944	0.03061923070250476	0.025052270854572393	471931	0.9994451421346779	0.03063622945538189	0.025066179021155852
tfip11	-37	19316.370132504813	23509	0.03137323459663461	0.025778085487366514	471972	0.9995319710372665	0.03138792505464029	0.025790156027340725
tfip11	-36	19089.079061076256	23317	0.03111700672464712	0.025474760968856643	472001	0.9995933866025121	0.031129664463277192	0.025485123561533398
tfip11	-35	20070.567571454703	24417	0.03258497890790877	0.026784577179244345	472023	0.9996399777209742	0.03259671445133429	0.026794223696724365
tfip11	-34	19485.09015442734	23869	0.03185366185661115	0.026003245759131575	472041	0.9996780977269888	0.031863918924540005	0.026011618958398985
tfip11	-33	18386.890558651914	22738	0.030344319548184853	0.024537676251615657	472061	0.9997204532892271	0.03035280457486649	0.024544537596368165
tfip11	-32	19422.538610475378	23834	0.031806953650780095	0.02591976946227562	472069	0.9997373955141224	0.03181530849351007	0.025926577897935073
tfip11	-31	19559.154136735506	24054	0.03210054808743242	0.02610208563714064	472084	0.9997691621858011	0.03210795981869535	0.026108112376734542
tfip11	-30	19685.222179558696	24144	0.03222065490242656	0.026270325982652165	472099	0.9998009288574798	0.03222707038214761	0.026275556687742348
tfip11	-29	20006.434852996357	24409	0.03257430274657595	0.026698990773122707	472105	0.9998136355261514	0.03258037457094066	0.02670396744396507
tfip11	-28	19664.031611356466	24080	0.03213524561176406	0.026242046742044545	472110	0.9998242244167109	0.032140895196364636	0.02624666026406185
tfip11	-27	19126.113138625675	23491	0.03134921323363578	0.02552418369219783	472119	0.9998432844197183	0.03135412691382931	0.025528184356422786
tfip11	-26	20009.411207408702	24416	0.03258364438774217	0.026702962778108935	472127	0.9998602266446135	0.03258819934971128	0.026706695662572978
tfip11	-25	20092.42952242698	24586	0.03281051281606442	0.0268137523936981	472130	0.9998665799789492	0.03281489097950968	0.02681733036247959
tfip11	-24	19938.23855050938	24438	0.032613003831407396	0.02660798143216618	472135	0.9998771688695088	0.03261701021564543	0.026611250122102463
tfip11	-23	19739.847068249826	24328	0.032466206613081236	0.02634322399820884	472138	0.9998835222038446	0.03246998864579989	0.026346292756325964
tfip11	-22	20260.371559941726	24948	0.03329360911637416	0.027037874429581676	472145	0.999898346650628	0.03329699386732479	0.02704062319949901
tfip11	-21	20417.661579420495	25086	0.03347777289936517	0.027247781132581236	472147	0.9999025822068519	0.03348103454786314	0.02725043580990016
tfip11	-20	20045.744693046006	24568	0.03278649145306559	0.026751450547414842	472150	0.9999089355411876	0.03278947740908059	0.0267538868756443
tfip11	-19	20210.52547198928	24757	0.03303871576455328	0.026971353819982946	472152	0.9999131710974114	0.033041584729095096	0.026973695916398126
tfip11	-18	20529.926637490484	25145	0.03355650958919466	0.027397601116580322	472152	0.9999131710974114	0.03355942351711015	0.027399980226794365
tfip11	-17	20234.598709176727	24927	0.03326558419287553	0.027003480040484973	472153	0.9999152888755234	0.03326840239665209	0.027005767729436688
tfip11	-16	20871.481304250476	25640	0.0342170970716624	0.027853412707368387	472155	0.9999195244317471	0.03421985093361181	0.027855654406985845
tfip11	-15	20888.0491539896	25730	0.03433720388665654	0.02787552283696247	472155	0.9999195244317471	0.03433996741504805	0.027877766316048377
tfip11	-14	21192.821824374758	26095	0.03482430374746608	0.028282248111820455	472161	0.9999322311004187	0.0348266639121555	0.028284164898551206
tfip11	-13	20976.32638109599	25844	0.0344893391856491	0.02799333057678761	472163	0.9999364666566425	0.03449153054790233	0.027995109199672723
tfip11	-12	21847.44252201212	26736	0.03567973117425764	0.029155852634292257	472164	0.9999385844347545	0.03568192259970315	0.029157643367440898
tfip11	-11	22088.972246291167	27155	0.03623889512406367	0.029478178922176343	472168	0.9999470555472021	0.03624081387412319	0.02947973971086396
tfip11	-10	21685.69342233732	26927	0.035934624526078526	0.028939995198846602	472170	0.999951291103426	0.03593637494724908	0.028941404902744716
tfip11	-9	23486.379337342467	29005	0.03870775743227644	0.03134304686613624	472174	0.9999597622158736	0.03870931500933747	0.03134430809163882
tfip11	-8	24179.96685021658	29938	0.03995286474771564	0.03226865338936972	472174	0.9999597622158736	0.03995447242715205	0.03226995186072646
tfip11	-7	24899.134819747007	30937	0.04128605039415053	0.03322839754788193	472176	0.9999639977720974	0.04128753683746129	0.03322959388729417
tfip11	-6	25333.878373415588	31466	0.04199201156228272	0.03380857158755265	472176	0.9999639977720974	0.04199352342268342	0.03380978881527491
tfip11	-5	25301.595066036647	31475	0.042004022243782135	0.033765488862810854	472177	0.9999661155502093	0.042005445575193666	0.033766633026592247
tfip11	-4	24371.356474478387	30888	0.041220658905987057	0.032524066702625386	472180	0.999972468884545	0.04122179378795109	0.032524962151113536
tfip11	-3	26319.082684890618	33924	0.045272262131789205	0.03512334660943882	472183	0.9999788222188808	0.04527322091815237	0.035124090459738584
tfip11	-2	29929.783911942595	39870	0.05320731904240171	0.039941900212512454	472187	0.9999872933313285	0.05320799513876661	0.03994240774745364
tfip11	-1	44708.39298288289	57369	0.07656008743776131	0.059664252052002105	472188	0.9999894111094404	0.07656089813273279	0.05966488383692731
tfip11	0	37265.56756262234	49535	0.06610545645260518	0.04973165143217013	472193	1.0	0.06610545645260518	0.04973165143217013
tfip11	1	36536.037480152576	45470	0.060680631975370096	0.048758078824971775	470469	0.9963489505350567	0.06090299181103522	0.04893674931738307
tfip11	2	19795.416332608253	24338	0.03247955181474725	0.026417382302138373	469950	0.9952498236949722	0.032634571784362056	0.026543468457056334
tfip11	3	21662.81579566528	26240	0.035017809171623296	0.028909464544688783	469537	0.9943751813347508	0.03521589217926664	0.029072994868881964
tfip11	4	23215.84454085017	27988	0.037350550422842715	0.030982012724449837	468925	0.9930791011302582	0.03761085132124192	0.031197930446011924
tfip11	5	21985.950227568897	26633	0.03554227559709769	0.02934069396058748	468336	0.9918317298223396	0.03583498543998401	0.029582330428008275
tfip11	6	21202.642641896913	25550	0.034096990256668264	0.028295354190856287	467647	0.9903725807032294	0.03442844735509253	0.028570413541502464
tfip11	7	21136.411714491027	25285	0.03374334241251887	0.028206967682580412	466871	0.9887291848883825	0.03412799270846663	0.028528507212786172
tfip11	8	20757.947349281072	24881	0.033204196265211865	0.027701899354867693	466104	0.9871048490765428	0.033637962873219684	0.028063786112269024
tfip11	9	19705.537947812998	23721	0.03165615287195413	0.026297437785087537	465254	0.9853047376814141	0.03212828646946966	0.02668964918099326
tfip11	10	18278.912947813016	22027	0.029395475709731188	0.0243935779524097	464304	0.9832928484750939	0.029894934917220395	0.024808049799446466
tfip11	11	18439.12252162126	22024	0.029391472149231383	0.024607380859539427	463133	0.9808129303060401	0.029966440328290177	0.025088760658835585
tfip11	12	17433.866136339882	20779	0.02772999454181252	0.023265845940776506	461756	0.9778967498459317	0.028356771352580322	0.023791720285850276
tfip11	13	15913.379149476184	18987	0.025338534403262634	0.021236725393751755	460216	0.9746353715535808	0.025997963077076403	0.021789405570105825
tfip11	14	15252.223990746032	18109	0.02416682569698652	0.020354400501173753	458288	0.9705522953538066	0.024900075774048538	0.020971977088317256
tfip11	15	13784.215753612752	16394	0.02187812361126495	0.018395313903982278	455724	0.9651223122748537	0.02266875745489382	0.01906008561818799
tfip11	16	12795.237579009578	15130	0.020191290120680657	0.017075502585645604	452220	0.9577016177706997	0.021083069868547525	0.01782966872854751
tfip11	17	11222.260198057185	13249	0.017681057687303242	0.01497633254915663	446643	0.9458907692405436	0.01869249416769272	0.015833046516757043
tfip11	18	10195.492737739702	12040	0.01606762280588203	0.013606090666952746	439303	0.9303462778990794	0.0172705832092607	0.014624759608517168
tfip11	19	9863.929152305525	11594	0.015472426811577763	0.013163612375680138	429944	0.9105259925496566	0.016992844727311787	0.014457151672100392
tfip11	20	9069.416814643171	10599	0.014144579245809273	0.012103319638456029	417854	0.884922055176591	0.015983983180288854	0.013677271989837281
tfip11	21	7415.361259087611	8652	0.011546268481436157	0.00989594914288789	403837	0.855237159381863	0.013500662774968076	0.011570999966886791
tfip11	22	6066.354873806234	7104	0.009480431263537039	0.008095672916855702	387363	0.820348882766157	0.01155658459796972	0.00986857309972518
tfip11	23	5759.850111901475	6693	0.008931943475063823	0.007686636130934412	370602	0.7848528038323312	0.01138040589451976	0.009793729592863268
tfip11	24	5069.8786833300555	5934	0.007919042668613287	0.006765855345127007	353759	0.7491830670933284	0.010570237124201827	0.009030977396989354
tfip11	25	4441.3171753935485	5165	0.006892796660496735	0.005927027336836291	337892	0.7155802817915555	0.009632457511601147	0.008282826522269656
tfip11	26	3613.8142309599607	4236	0.005653027425723944	0.004822707969567549	324495	0.6872084084262156	0.008226074297708335	0.007017824448062404
tfip11	27	2885.4454717498193	3401	0.004538703086611693	0.003850685171679106	310984	0.6585951083561171	0.00689149225225875	0.005846817145803874
tfip11	28	2580.4210254596746	3013	0.004020909261970312	0.003443623896798452	299869	0.6350560046421696	0.006331582147996451	0.005422551509829131
tfip11	29	2235.1432476818964	2637	0.003519129679328149	0.002982843739274657	289537	0.6131751211898524	0.005739191884529427	0.004864587026111752
tfip11	30	2022.3432476818969	2360	0.003149467593179534	0.0026988578478218585	281545	0.5962498385194189	0.005282127372982024	0.0045263875534516575
tfip11	31	1545.2396762533258	1819	0.0024274921830481242	0.0020621535101928326	274411	0.5811416094690095	0.004177109577932528	0.00354845269482085
tfip11	32	1391.8277714914218	1630	0.0021752678715604413	0.0018574222294913234	268789	0.5692354609238172	0.003821385034639585	0.003263012157529499
tfip11	33	1127.9611048247552	1339	0.0017869225030794052	0.0015052868415307416	264022	0.5591400126643131	0.0031958408674147365	0.002692146524012868
tfip11	34	1032.937295300946	1225	0.0016347872040868346	0.0013784756514139188	260451	0.5515774270266607	0.0029638399324992985	0.00249915167639246
tfip11	35	903.9039619676126	1081	0.001442616300096219	0.0012062780659167721	257020	0.5443113303246766	0.0026503514068606875	0.0022161546135687432
tfip11	36	845.3956286342791	1017	0.0013572070094337231	0.001128197515169196	254603	0.5391926606281754	0.0025171095761068723	0.002092382922747525
tfip11	37	752.7622953009455	908	0.0012117443112741597	0.0010045764637363437	252429	0.5345886110128697	0.0022666856089176733	0.0018791579974608915
tfip11	38	652.4345459403318	783	0.0010449292904489726	0.0008706870589448639	250409	0.5303106992267992	0.001970409595681352	0.0016418432820879127
tfip11	39	700.0234348292208	837	0.0011169933794454535	0.0009341953908732443	249032	0.5273945187666907	0.0021179465081615496	0.0017713407281096801
tfip11	40	663.5901014958876	810	0.001080961334947213	0.0008855743728033965	247778	0.524738825014348	0.002059998771613014	0.0016876478937482512
tfip11	41	579.1139110196967	713	0.0009515128787868678	0.0007728391930152506	246687	0.5224283290942475	0.0018213271099531286	0.001479320990029674
tfip11	42	578.6282788357887	697	0.0009301605561212439	0.0007721911070722745	245862	0.5206811621519167	0.0017864302066873225	0.001483040223465922
tfip11	43	570.4139931215029	693	0.0009248224754548379	0.0007612289771323336	244762	0.5183516062288089	0.0017841605279922794	0.0014685571877948703
tfip11	44	541.9889931215029	677	0.0009034701527892139	0.0007232952413966859	244201	0.5171635327080241	0.0017469718873223176	0.001398581291316683
tfip11	45	558.48185026436	700	0.0009341641166210483	0.0007453052918587063	243708	0.5161194680988495	0.0018099765158289536	0.001444055762135991
tfip11	46	427.48185026436005	566	0.0007553384142964477	0.0005704831500339102	243363	0.5153888346502383	0.001465569999802281	0.0011068985427692877
tfip11	47	545.1985169310267	665	0.0008874559107899959	0.0007275784156456831	242961	0.5145374878492481	0.0017247643403001326	0.0014140435494543653
tfip11	48	656.9651835976936	778	0.0010382566896159652	0.0008767332862661775	242577	0.5137242610542723	0.002021038849684148	0.0017066223122632616
tfip11	49	537.9651835976936	658	0.0008781142696237855	0.0007179253864405993	242257	0.5130465720584592	0.0017115683398888954	0.0013993376538120504
tfip11	50	485.79058042309026	595	0.0007940394991278911	0.0006482973263196607	241941	0.5123773541750937	0.0015497162250784127	0.0012652731839864245
tfip11	51	463.2667708992808	572	0.0007633455352960566	0.0006182388482814461	241715	0.5118987363218006	0.0014912041799145725	0.0012077366174484863
tfip11	52	533.004469311979	648	0.0008647690679577704	0.0007113052131855651	241530	0.5115069473710961	0.0016906301515595722	0.001390607140022902
tfip11	53	596.9878026453126	714	0.0009528473989534693	0.0007966922618452846	241304	0.5110283295178031	0.001864568643097651	0.001558998231266413
tfip11	54	641.873516931027	766	0.001022242447616747	0.0008565931527518833	241170	0.5107445472508063	0.0020014750096093823	0.0016771459575294194
tfip11	55	489.29018359769333	613	0.000818060862126718	0.000652967617331271	240997	0.5103781716374448	0.0016028523702378095	0.0012793799845247239
tfip11	56	491.04018359769333	612	0.0008167263419601165	0.0006553030276228237	240832	0.5100287382489787	0.0016013339655410134	0.0012848354974517673
tfip11	57	586.4235169310267	711	0.0009488438384536648	0.0007825940095138299	240680	0.5097068359759674	0.0018615481910044514	0.0015353806429049522
tfip11	58	537.613993121503	671	0.0008954630317896049	0.0007174567156678045	240524	0.5093764625905085	0.0017579591864837977	0.0014084999373922256
tfip11	59	637.4195486770587	773	0.0010315840887829577	0.0008506492422955598	240403	0.5091202114389667	0.002026209263755823	0.0016708219850304167
tfip11	60	603.0862153437255	676	0.0009021356326226124	0.0008048307165755752	240274	0.5088470180625295	0.0017729014823699993	0.001581675214763023
dhx35	-60	705.9353535353537	781	0.0360605780773848	0.03259466956945949	13565	0.9773758916348441	0.03689530137383145	0.03334916468518454
dhx35	-59	544.161544011544	685	0.0316280358297165	0.025125198264453967	13580	0.9784566611427337	0.03232441158178463	0.025678396665121988
dhx35	-58	636.8282106782108	781	0.0360605780773848	0.029403832795189343	13590	0.9791771741479933	0.036827429222665464	0.03002912401504289
dhx35	-57	628.3698773448774	774	0.03573737187182565	0.02901329196347204	13598	0.9797535845522012	0.03647587764443802	0.02961284594506754
dhx35	-56	659.2127344877347	803	0.037076369009142116	0.030437378081435713	13608	0.980474097557461	0.037814735852284204	0.03104353103999458
dhx35	-55	607.4294011544013	749	0.0345830639948287	0.02804642169888269	13623	0.9815548670653506	0.03523294026163309	0.028573463022740428
dhx35	-54	586.4151154401154	733	0.03384430695355065	0.027076143477704102	13629	0.9819871748685064	0.03446512115403401	0.02757280764010971
dhx35	-53	643.2817821067822	794	0.03666081817342322	0.02970180912857984	13639	0.9827076878737662	0.03730592385284411	0.030224459923422507
dhx35	-52	578.7389249639249	724	0.03342875611783175	0.02672171599242427	13645	0.983139995676922	0.03400203049903897	0.027179970411055805
dhx35	-51	576.1290043290044	723	0.03338258380275187	0.026601209914535247	13657	0.9840046112832337	0.03392523106087671	0.02703362322646516
dhx35	-50	608.8290043290045	762	0.03518330409086712	0.02811104461764727	13675	0.9853015346927012	0.03570815923050418	0.028530397678122592
dhx35	-49	638.1035714285714	800	0.03693785206390248	0.029462719153595503	13701	0.9871748685063766	0.03741773949309558	0.02984549150666024
dhx35	-48	674.1119047619047	833	0.038461538461538464	0.031125307265763447	13742	0.9901289718279415	0.038844978337046455	0.031435609048284886
dhx35	-47	568.2873015873016	710	0.03278234370671346	0.026239140344782603	13766	0.9918582030405649	0.03305144183535348	0.026454527738285466
dhx35	-46	674.1301587301587	831	0.038369193831378705	0.031126150093737124	13784	0.9931551264500325	0.038633636185846275	0.03134067303765072
dhx35	-45	687.1737484737483	846	0.03906177855757688	0.03172840282915081	13803	0.994524101160026	0.039276854640339746	0.03190310098281418
dhx35	-44	655.2725579975578	808	0.03730723058454151	0.030255451011060936	13816	0.9954607680668636	0.03747734896372695	0.030393413765381787
dhx35	-43	628.2642246642243	786	0.03629143965278419	0.029008413734611892	13829	0.9963974349737013	0.03642265463453553	0.02911329627758178
dhx35	-42	667.8134670884668	830	0.03832302151629883	0.030834493816994497	13833	0.9966856401758052	0.038450460176730386	0.030937030267191978
dhx35	-41	641.2551337551336	798	0.03684550743374273	0.029608234082331403	13842	0.997334101880539	0.03694399636417536	0.029687377606464206
dhx35	-40	593.763467088467	742	0.03425985778926956	0.02741543388532953	13850	0.9979105122847467	0.034331593231572	0.027472838042923362
dhx35	-39	675.7872766122766	813	0.0375380921599409	0.031202663062714776	13855	0.9982707687873766	0.037603116642931776	0.03125671314669205
dhx35	-38	569.0928321678322	691	0.03190506972019577	0.026276333556553337	13859	0.9985589739894805	0.03195111210380238	0.02631425307968856
dhx35	-37	618.1428321678322	743	0.03430603010434943	0.028541085611221362	13863	0.9988471791915844	0.03434562445489907	0.028574026343370217
dhx35	-36	666.4678321678323	803	0.037076369009142116	0.030772362737456472	13863	0.9988471791915844	0.03711916075004569	0.030807878701086228
dhx35	-35	598.6440226440228	731	0.033751962323390894	0.027640780434205505	13867	0.9991353843936883	0.03378117005021578	0.02766469976536657
dhx35	-34	632.4190226440229	775	0.03578354418690553	0.029200250376028393	13869	0.9992794869947402	0.03580934528589386	0.029221304706099797
dhx35	-33	569.7106893106895	713	0.03292086065195309	0.0263048614512277	13871	0.9994235895957922	0.03293984752277824	0.02632003259185273
dhx35	-32	644.734956709957	785	0.036245267337704314	0.029768905564223708	13871	0.9994235895957922	0.036266171536298616	0.029786074567504924
dhx35	-31	688.1202380952384	841	0.038830916982177485	0.031772104446174086	13871	0.9994235895957922	0.038853312435703356	0.03179042878007715
dhx35	-30	637.3130952380955	790	0.0364761289131037	0.029426221037865706	13872	0.9994956408963181	0.03649453526419884	0.029441069909496694
dhx35	-29	665.7464285714287	811	0.037445747529781144	0.03073905386330357	13873	0.9995676921968442	0.037461942619897104	0.030752348343457813
dhx35	-28	618.4646825396827	758	0.0349986148305476	0.028555946187999018	13875	0.9997117947978961	0.03500870452130956	0.02856417853284601
dhx35	-27	597.2813492063494	744	0.03435220241942931	0.02757786264689027	13875	0.9997117947978961	0.03436210575706374	0.02758581302170739
dhx35	-26	671.2158730158733	826	0.03813833225597932	0.030991590775504355	13875	0.9997117947978961	0.03814932709050357	0.031000525288160358
dhx35	-25	655.2563492063493	811	0.037445747529781144	0.030254702613646198	13875	0.9997117947978961	0.03745654270024018	0.03026342469007536
dhx35	-24	648.2718253968254	806	0.03721488595438175	0.029932210979629947	13876	0.9997838460984221	0.03722293183632634	0.029938682342626408
dhx35	-23	638.5294011544012	799	0.036891679748822605	0.029482380697866892	13876	0.9997838460984221	0.036899655753380584	0.02948875480727116
dhx35	-22	662.9627344877343	818	0.03776895373534029	0.03061052426298524	13877	0.9998558973989481	0.03777439712421906	0.030614935954887377
dhx35	-21	603.9960678210679	741	0.034213685474189674	0.02788789675044177	13877	0.9998558973989481	0.0342186164658268	0.027891916048092623
dhx35	-20	599.9294011544013	726	0.03352110074799151	0.027700129335783603	13877	0.9998558973989481	0.03352593192198416	0.027704121571761952
dhx35	-19	628.5563852813855	770	0.03555268261150614	0.029021903466681386	13877	0.9998558973989481	0.03555780658392258	0.029026086201201336
dhx35	-18	668.5647186147187	818	0.03776895373534029	0.030869180839168838	13877	0.9998558973989481	0.03777439712421906	0.030873629809528305
dhx35	-17	670.6147186147188	824	0.03804598762581956	0.03096383408508259	13877	0.9998558973989481	0.038051470941756114	0.0309682966971868
dhx35	-16	664.8551948051949	823	0.03799981531073968	0.030697903537039193	13877	0.9998558973989481	0.03800529197216661	0.030702327822336742
dhx35	-15	647.1218614718614	803	0.037076369009142116	0.029879114482956017	13878	0.999927948699474	0.037079040602239766	0.02988126746713839
dhx35	-14	632.5468614718613	777	0.035875888817065285	0.02920615299066679	13878	0.999927948699474	0.03587847390777123	0.02920825748360458
dhx35	-13	627.4079725829725	780	0.03601440576230492	0.02896887859372853	13878	0.999927948699474	0.03601700083405606	0.02897096598950557
dhx35	-12	645.7253968253967	802	0.03703019669406224	0.02981463647730154	13878	0.999927948699474	0.03703286496014482	0.029816784815424997
dhx35	-11	651.15873015873	804	0.037122541324222	0.03006550605590221	13878	0.999927948699474	0.037125216244334715	0.03006767247080752
dhx35	-10	633.2587301587303	782	0.03610675039246468	0.029239021615972402	13878	0.999927948699474	0.03610935211824595	0.02924112847730804
dhx35	-9	711.9515873015873	863	0.039846707913934805	0.032872453010508236	13878	0.999927948699474	0.03984957912793639	0.03287482168416514
dhx35	-8	720.2682539682542	880	0.04063163727029273	0.033256452764255894	13878	0.999927948699474	0.040634565043550425	0.03325884910758809
dhx35	-7	677.1349206349206	838	0.03869240003693785	0.03126488690714381	13878	0.999927948699474	0.03869518807556279	0.03126713974522618
dhx35	-6	667.243253968254	831	0.038369193831378705	0.03080816575714535	13878	0.999927948699474	0.03837195858089819	0.030810385685503698
dhx35	-5	672.3623015873018	829	0.038276849201218946	0.031044524036720925	13878	0.999927948699474	0.0382796072967083	0.031046760996227822
dhx35	-4	634.0523809523811	793	0.036614645858343335	0.029275666310480244	13878	0.999927948699474	0.03661728418129033	0.02927777581230403
dhx35	-3	716.9690476190481	896	0.04137039431157078	0.03310412076918682	13878	0.999927948699474	0.04137337531706953	0.03310650613600979
dhx35	-2	771.2428571428576	973	0.044925662572721396	0.03561006820310544	13878	0.999927948699474	0.04492889975838019	0.03561263413971036
dhx35	-1	839.5523809523817	1062	0.04903499861483055	0.03876407705939522	13879	1.0	0.04903499861483055	0.03876407705939522
dhx35	0	780.4021077283375	989	0.045664419613999446	0.03603297200703377	13879	1.0	0.045664419613999446	0.03603297200703377
dhx35	1	637.6521077283372	799	0.036891679748822605	0.029441874029381164	13829	0.9963974349737013	0.03702506495291843	0.029548323787242835
dhx35	2	577.4187743950038	696	0.03213593129559516	0.026660761584403166	13808	0.9948843576626558	0.03230117254139377	0.026797849799386698
dhx35	3	601.9132188394482	733	0.03384430695355065	0.027791726790998623	13794	0.9938756394552921	0.03405285893927284	0.027962982175748146
dhx35	4	594.2632188394483	722	0.03333641148767199	0.027438508580637563	13758	0.9912817926363571	0.03362960132558508	0.027679827052672534
dhx35	5	545.3132188394484	671	0.030981623418598208	0.025178373757477533	13717	0.9883276893147921	0.03134752142791605	0.025475734444851694
dhx35	6	570.0703616965912	698	0.03222827592575492	0.026321468357955086	13685	0.986022047697961	0.03268514735648904	0.02669460426306603
dhx35	7	590.937028363258	720	0.03324406685751224	0.027284930665955213	13652	0.9836443547806037	0.03379683591528072	0.02773861358868975
dhx35	8	611.9703616965912	733	0.03384430695355065	0.02825608835980198	13596	0.9796094819511492	0.03454877436071856	0.0288442373010953
dhx35	9	537.387028363258	651	0.030058177117000647	0.02481240319342774	13549	0.9762230708264285	0.03079027531233685	0.025416735103814567
dhx35	10	535.4608378870674	644	0.029734970911441498	0.02472346651985721	13487	0.971755890193818	0.0305992186016087	0.025442054706687787
dhx35	11	581.4441712204007	684	0.03158186351463663	0.026846623474946932	13410	0.966207940053318	0.03268640445336627	0.027785554601699364
dhx35	12	474.3830601092896	568	0.026225874965370762	0.021903364119922875	13325	0.9600835795086101	0.02731624154929687	0.022814018057816854
dhx35	13	441.3592505854801	534	0.024656016252654907	0.02037857838145166	13234	0.9535269111607465	0.025857703609686974	0.02137179154875076
dhx35	14	490.8870283632578	597	0.027564872102687227	0.0226653905422134	13152	0.9476187045176165	0.02908856903232938	0.023918259985962573
dhx35	15	428.28702836325783	529	0.024425154677255517	0.019775003618213032	13009	0.9373153685424022	0.02605863031483045	0.021097492137533914
dhx35	16	398.53702836325783	482	0.022255055868501246	0.018401377244586656	12862	0.926723827365084	0.024014766008313544	0.01985637651824119
dhx35	17	390.5370283632579	458	0.02114692030658417	0.018031998723947635	12679	0.9135384393688306	0.023148363982576046	0.01973863161839808
dhx35	18	285.7536950299246	346	0.015975621017637824	0.013193909642161076	12435	0.8959579220404928	0.017830771540313258	0.01472603714704894
dhx35	19	332.1703616965912	392	0.01809954751131222	0.015337074600452083	12172	0.8770084300021616	0.02063782615096141	0.017487944329582193
dhx35	20	308.71083788706744	362	0.016714378058915874	0.01425389407549485	11814	0.8512140644138627	0.019635927973564702	0.016745369550854327
dhx35	21	229.12750455373407	270	0.012466525071567088	0.010579347333721215	11392	0.8208084155919014	0.015188105817089152	0.012888936239880333
dhx35	22	199.49417122040077	236	0.010896666358851233	0.009211107730187495	10958	0.7895381511636285	0.013801317064655618	0.011666450464251894
dhx35	23	213.966393442623	245	0.011312217194570135	0.009879323734537954	10500	0.7565386555227321	0.01495259642318466	0.01305858420110974
dhx35	24	175.38306010928963	201	0.0092806353310555	0.008097841911039322	10035	0.7230348007781541	0.012835668934700476	0.01119979550406724
dhx35	25	206.63306010928966	231	0.010665804783451843	0.009540726757285513	9611	0.6924850493551409	0.015402216688120708	0.013777520202306277
dhx35	26	118.83306010928962	137	0.0063256071659433	0.005486797493272215	9266	0.6676273506736796	0.0094747573770912	0.008218353378925649
dhx35	27	74.46639344262296	87	0.004016991411949395	0.003438285780894956	8904	0.6415447798832769	0.006261435737471435	0.005359385484393654
dhx35	28	84.79972677595629	99	0.004571059192907932	0.00391539970338703	8627	0.621586569637582	0.007353857718600811	0.006299041669561677
dhx35	29	84.63306010928963	101	0.004663403823067689	0.0039077043175403834	8369	0.6029973341018805	0.007733705539533571	0.006480466988068226
dhx35	30	70.88306010928962	84	0.003878474466709761	0.003272834985192059	8149	0.5871460479861661	0.006605638375685946	0.0055741412148092515
dhx35	31	63.18306010928962	72	0.0033244066857512234	0.002917308159076998	7928	0.5712227105699258	0.00581980832385737	0.00510712915487256
dhx35	32	43.599726775956285	51	0.002354788069073783	0.0020131003220960515	7778	0.5604150154910296	0.004201864696666886	0.0035921598573375032
dhx35	33	37.516393442622956	45	0.002077754178594515	0.00173221873869346	7662	0.5520570646300166	0.0037636583456947628	0.0031377530506821365
dhx35	34	51.266393442622956	59	0.002724166589712808	0.002367088071041784	7576	0.5458606527847828	0.004990589770145732	0.004336432858763057
dhx35	35	39.76639344262295	47	0.002170098808754271	0.0018361064476231854	7483	0.5391598818358672	0.004024963432674132	0.003405495307572122
dhx35	36	22.349726775956285	30	0.0013851694523963432	0.0010319386266486419	7413	0.5341162907990489	0.002593385515959645	0.0019320485902140161
dhx35	37	33.349726775956285	41	0.0018930649182750023	0.001539834092527301	7365	0.5306578283738022	0.0035673928039020716	0.002901745739332846
dhx35	38	20.683060109289617	27	0.0012466525071567088	0.0009549847681821782	7324	0.5277037250522372	0.002362409905356084	0.0018096987435281884
dhx35	39	36.849726775956285	42	0.0019392372333548805	0.0017014371953068743	7287	0.5250378269327761	0.0036935190835367623	0.003240599263574051
dhx35	40	33.849726775956285	40	0.0018468926031951242	0.0015629202500672401	7248	0.5222278262122632	0.003536564906145851	0.0029927938949618135
dhx35	41	21.51639344262295	26	0.0012004801920768306	0.0009934616974154099	7212	0.519633979393328	0.0023102419004207343	0.0019118489875802102
dhx35	42	23.01639344262295	27	0.0012466525071567088	0.001062720170035227	7185	0.5176885942791267	0.0024081127552996466	0.0020528174307472397
dhx35	43	33.01639344262295	38	0.001754547973035368	0.0015244433208340081	7146	0.5148785935586138	0.0034076925997422155	0.0029607820948579903
dhx35	44	36.51639344262295	45	0.002077754178594515	0.0016860464236135816	7128	0.5135816701491462	0.004045615915363814	0.0032829178329591606
dhx35	45	34.51639344262295	41	0.0018930649182750023	0.0015937017934538253	7107	0.5120685928381007	0.003696897143765127	0.003112281861734296
dhx35	46	15.51639344262295	18	0.0008311016714378059	0.0007164278069361414	7090	0.5108437207291592	0.0016269196188836823	0.0014024402725623
dhx35	47	8.849726775956285	12	0.0005540677809585373	0.00040861237307028743	7070	0.5094026947186396	0.001087681291644065	0.0008021401875307665
dhx35	48	18.849726775956285	21	0.0009696186166774402	0.0008703355238690684	7051	0.5080337200086461	0.0019085713772324768	0.0017131451901544182
dhx35	49	31.683060109289617	36	0.0016622033428756117	0.0014628802340608375	7018	0.505656027091289	0.00328722145850251	0.0028930343072856033
dhx35	50	23.349726775956285	29	0.001338997137316465	0.00107811094172852	6997	0.5041429497802435	0.0026559870328448218	0.0021385024668072214
dhx35	51	27.849726775956285	34	0.0015698587127158557	0.0012858863595879714	6984	0.5032062828734059	0.0031197120666929213	0.0025553861375603457
dhx35	52	25.01639344262295	31	0.0014313417674762213	0.0011550648001949833	6971	0.5022696159665682	0.002849747868426693	0.0022996907706076854
dhx35	53	25.51639344262295	31	0.0014313417674762213	0.0011781509577349224	6960	0.5014770516607825	0.002854251780287712	0.002349361658391234
dhx35	54	29.016393442622952	34	0.0015698587127158557	0.0013397540605144958	6953	0.5009726925571006	0.0031336213251522164	0.0026743055667885355
dhx35	55	29.849726775956285	34	0.0015698587127158557	0.0013782309897477276	6949	0.5006844873549967	0.0031354251077541175	0.0027526936115568734
dhx35	56	24.68306010928962	29	0.001338997137316465	0.0011396740285016908	6940	0.500036025650263	0.0026778013355641525	0.0022791838388436553
dhx35	57	19.43306010928962	25	0.0011543078769969525	0.0008972693743323308	6931	0.4993875639455292	0.0023114469809321463	0.0017967395247956168
dhx35	58	20.26639344262295	26	0.0012004801920768306	0.0009357463035655623	6923	0.49881115354132144	0.002406682736650922	0.0018759530474052346
dhx35	59	17.43306010928962	23	0.0010619632468371965	0.0008049247441725746	6919	0.4985229483392175	0.002130219381825907	0.0016146192404062963
dhx35	60	32.43306010928962	37	0.0017083756579554898	0.0014975094703707462	6913	0.49809064053606167	0.0034298489449969974	0.0030064999188884113
